9999900000,#con3
9999900003,#con2
9999900001,#con3
esktop/admin,&&
cc,admin
9999900001,#con3 Marathons 2024/12/30
esktop/admin,&& "/Users/kanavkumar/Desktop/admin final/"
cc,admin admin.c -o
9999900001,#con2,Marathons,2024/12/30
9999900007,#con3,Business,Conferences
9999900003,#con2,Nature Walks
,2024/12/09
9999900000,#con3,Yoga Sessions,2025/06/06
es,#con3,Zumba or Dance Classes,2024/12/13
,#con2,Health Check-up Camp,2024/12/03
9999900007,#con2,Business Conferences,2020-09-08
9999900002,#con2,Meditation Workshops,2024/12/02
9999900008,#con2,Product Launches,2024-07-06
